method,dataset,dimensions,hits@20,hits@50,hits@100,init_time,calc_time,num_node_pairs,device
hyperhash-adamic-adar,ogbl-collab,1000,0.04027714822249563,0.05322799974098297,0.0599840272831272,1.6010833999607712,0.16148990008514374,146329,cpu
