method,dataset,dimensions,hits@20,hits@50,hits@100,init_time,calc_time,num_node_pairs,device,nitr,use_node_features
hyperlearn,ogbl-collab,1000,0.615071455833086,0.6784784360290064,0.7280268012382851,-1,-1,235810,cpu,0,0
hyperlearn,ogbl-collab,1000,0.6151647512828124,0.6789364318731181,0.7279928756202027,-1,-1,235810,cpu,1,0
hyperlearn,ogbl-collab,1000,0.6151477884737713,0.6789364318731181,0.7279589500021203,-1,-1,235810,cpu,2,0
hyperlearn,ogbl-collab,1000,0.6151562698782919,0.6789449132776387,0.7279674314066409,-1,-1,235810,cpu,3,0
hyperlearn,ogbl-collab,1000,0.6151477884737713,0.6789449132776387,0.7279843942156821,-1,-1,235810,cpu,4,0
hyperlearn,ogbl-collab,1000,0.6151477884737713,0.6789618760866799,0.7279759128111615,-1,-1,235810,cpu,5,0
hyperlearn,ogbl-collab,1000,0.6151477884737713,0.6789533946821593,0.7279843942156821,-1,-1,235810,cpu,6,0
hyperlearn,ogbl-collab,1000,0.6151477884737713,0.6789618760866799,0.7279759128111615,-1,-1,235810,cpu,7,0
hyperlearn,ogbl-collab,1000,0.6151477884737713,0.6789533946821593,0.7279674314066409,-1,-1,235810,cpu,8,0
