method,dataset,dimensions,hits@20,hits@50,hits@100,init_time,calc_time,num_node_pairs,device
adamic-adar,facebook,22470,0.7009941520467836,0.7865497076023392,0.8498830409356725,0.05866680003236979,0.018967100069858134,34200,cpu
dothash-adamic-adar,facebook,1000,0.6753801169590643,0.7294736842105263,0.774327485380117,0.27946250000968575,0.042659100028686225,34200,cpu
hyperhash-adamic-adar,facebook,1000,0.6716959064327486,0.7260818713450292,0.7760818713450293,0.28665440005715936,0.03731589997187257,34200,cpu
