method,dataset,dimensions,hits@20,hits@50,hits@100,init_time,calc_time,num_node_pairs,device
adamic-adar,facebook,22470,0.7009941520467836,0.7865497076023392,0.8498830409356725,0.06244669994339347,0.018064300063997507,34200,cpu
dothash-adamic-adar,facebook,1000,0.6753801169590643,0.7294736842105263,0.774327485380117,0.27936120005324483,0.04111730004660785,34200,cpu
hyperhash-adamic-adar,facebook,1000,0.6505847953216374,0.7170760233918129,0.7671929824561403,0.4554878000635654,0.07892210001591593,34200,cpu
