method,dataset,dimensions,hits@20,hits@50,hits@100,init_time,calc_time,num_node_pairs,device
adamic-adar,wikipedia,11631,0.06192929056427066,0.1376726761882463,0.1376726761882463,0.06626819993834943,0.07443589996546507,34168,cpu
dothash-common-neighbors,wikipedia,1000,0.029852493561226878,0.09494263638492156,0.09652306251463358,0.2489346000365913,0.037950199912302196,34168,cpu
hyperhash-common-neighbors,wikipedia,1000,0.1508428939358464,0.19995317255911965,0.2384102083821119,0.2625870000338182,0.03718730004038662,34168,cpu
