method,dataset,dimensions,hits@20,hits@50,hits@100,init_time,calc_time,num_node_pairs,device,nitr,use_node_features
hyperlearn,ogbl-collab,1000,0.6878334252152156,0.7935541325643527,0.8616343666511175,-1,-1,235810,cpu,0,0
hyperlearn,ogbl-collab,1000,0.6878843136423392,0.7952504134684704,0.8617022178872822,-1,-1,235810,cpu,1,0
hyperlearn,ogbl-collab,1000,0.6816080742971036,0.789669649293923,0.8598532717017938,-1,-1,235810,cpu,2,0
hyperlearn,ogbl-collab,1000,0.6818031466010771,0.7896950935074848,0.8598617531063144,-1,-1,235810,cpu,3,0
