method,dataset,dimensions,hits@20,hits@50,hits@100,init_time,calc_time,num_node_pairs,device
adamic-adar,facebook,22470,0.7009941520467836,0.7865497076023392,0.8498830409356725,0.0596588000189513,0.017933700000867248,34200,cpu
dothash-adamic-adar,facebook,1000,0.6753801169590643,0.7294736842105263,0.774327485380117,0.2889921999303624,0.03807770006824285,34200,cpu
hyperhash-adamic-adar,facebook,1000,0.6607017543859649,0.7147953216374269,0.7708771929824562,0.4745085999602452,0.07703439996112138,34200,cpu
