method,dataset,dimensions,hits@20,hits@50,hits@100,init_time,calc_time,num_node_pairs,device
adamic-adar,wikipedia,11631,0.06192929056427066,0.1376726761882463,0.1376726761882463,0.06131170003209263,0.06831929995678365,34168,cpu
dothash-adamic-adar,wikipedia,1000,0.05502224303441817,0.14294076328728636,0.14294076328728636,0.2530650000553578,0.042713899980299175,34168,cpu
hyperhash-adamic-adar,wikipedia,1000,0.05478810583001639,0.14264809178178411,0.14264809178178411,0.25190070003736764,0.03795090003404766,34168,cpu
