method,dataset,dimensions,hits@20,hits@50,hits@100,init_time,calc_time,num_node_pairs,device,nitr,use_node_features
hyperlearn,ogbl-ddi,1000,0.010881066756561883,0.023859688550533286,0.04310288320176794,-1,-1,213582,cpu,0,0
hyperlearn,ogbl-ddi,1000,0.011143261136238073,0.023840960380556414,0.043411898006386306,-1,-1,213582,cpu,1,0
hyperlearn,ogbl-ddi,1000,0.011480368195821745,0.02411251884522104,0.043730276895993105,-1,-1,213582,cpu,2,0
hyperlearn,ogbl-ddi,1000,0.011405455515914263,0.024702456199492465,0.043571087451189705,-1,-1,213582,cpu,3,0
