method,dataset,dimensions,hits@20,hits@50,hits@100,init_time,calc_time,num_node_pairs,device
adamic-adar,facebook,22470,0.7009941520467836,0.7865497076023392,0.8498830409356725,0.060638099908828735,0.021469299914315343,34200,cpu
dothash-common-neighbors,facebook,1000,0.6149122807017544,0.712514619883041,0.7567836257309941,0.27495850005652755,0.03884469997137785,34200,cpu
hyperhash-common-neighbors,facebook,1000,0.613391812865497,0.7128070175438597,0.7552046783625731,0.2848556999815628,0.04373549995943904,34200,cpu
