method,dataset,dimensions,hits@20,hits@50,hits@100,init_time,calc_time,num_node_pairs,device
adamic-adar,facebook,22470,0.7009941520467836,0.7865497076023392,0.8498830409356725,0.06161629990674555,0.018084999988786876,34200,cpu
dothash-adamic-adar,facebook,1000,0.6753801169590643,0.7294736842105263,0.774327485380117,0.2787037000525743,0.038412800058722496,34200,cpu
hyperhash-adamic-adar,facebook,1000,0.6774269005847953,0.728421052631579,0.776608187134503,0.2756032000761479,0.04293850006069988,34200,cpu
