method,dataset,dimensions,hits@20,hits@50,hits@100,init_time,calc_time,num_node_pairs,device
adamic-adar,facebook,22470,0.7009941520467836,0.7865497076023392,0.8498830409356725,0.05766539997421205,0.016667100018821657,34200,cpu
dothash-adamic-adar,facebook,1000,0.6753801169590643,0.7294736842105263,0.774327485380117,0.24999949999619275,0.03386500000488013,34200,cpu
hyperhash-adamic-adar,facebook,1000,0.6784210526315789,0.7276608187134503,0.7786549707602339,0.238271199981682,0.040118100005201995,34200,cpu
