method,dataset,dimensions,hits@20,hits@50,hits@100,init_time,calc_time,num_node_pairs,device
adamic-adar,wikipedia,11631,0.06192929056427066,0.1376726761882463,0.1376726761882463,0.06403040001168847,0.07046059996355325,34168,cpu
dothash-adamic-adar,wikipedia,1000,0.05502224303441817,0.14294076328728636,0.14294076328728636,0.2636705000186339,0.03739569999743253,34168,cpu
hyperhash-adamic-adar,wikipedia,1000,0.05431983142121283,0.14165300866307656,0.14165300866307656,0.259136899956502,0.038550499943085015,34168,cpu
