method,dataset,dimensions,hits@20,hits@50,hits@100,init_time,calc_time,num_node_pairs,device,nitr,use_node_features
hyperlearn,wikipedia,1000,0.02926715055022243,0.08797705455396862,0.09201592132989932,-1,-1,34168,cpu,0,0
hyperlearn,wikipedia,1000,0.029325684851322874,0.08780145165066729,0.09184031842659798,2.0963592999614775,0.018473299918696284,34168,cpu,1,0
