method,dataset,dimensions,hits@20,hits@50,hits@100,init_time,calc_time,num_node_pairs,device
hyperhash-adamic-adar,ogbl-collab,1000,0.0755034643527812,0.11068661097800514,0.1584320835761618,2.55765039997641,0.2495617000386119,146329,cpu
