method,dataset,dimensions,hits@20,hits@50,hits@100,init_time,calc_time,num_node_pairs,device
adamic-adar,wikipedia,11631,0.06192929056427066,0.1376726761882463,0.1376726761882463,0.06098000006750226,0.06316339992918074,34168,cpu
dothash-adamic-adar,wikipedia,1000,0.05502224303441817,0.14294076328728636,0.14294076328728636,0.2555392000358552,0.037139899912290275,34168,cpu
hyperhash-adamic-adar,wikipedia,1000,0.05385155701240927,0.14124326855537345,0.14124326855537345,0.2550652999198064,0.041624799952842295,34168,cpu
