method,dataset,dimensions,hits@20,hits@50,hits@100,init_time,calc_time,num_node_pairs,device
adamic-adar,facebook,22470,0.7009941520467836,0.7865497076023392,0.8498830409356725,0.059893100056797266,0.020799199934117496,34200,cpu
dothash-common-neighbors,facebook,1000,0.6149122807017544,0.712514619883041,0.7567836257309941,0.27557180006988347,0.038150900043547153,34200,cpu
hyperhash-common-neighbors,facebook,1000,0.6151461988304093,0.7124561403508772,0.7567836257309941,0.2803523000329733,0.04275670007336885,34200,cpu
