method,dataset,dimensions,hits@20,hits@50,hits@100,init_time,calc_time,num_node_pairs,device
adamic-adar,facebook,22470,0.7009941520467836,0.7865497076023392,0.8498830409356725,0.0627917000092566,0.01845319999847561,34200,cpu
dothash-adamic-adar,facebook,100,0.35730994152046786,0.4706432748538012,0.537485380116959,0.09871229995042086,0.006839000037871301,34200,cpu
