method,dataset,dimensions,hits@20,hits@50,hits@100,init_time,calc_time,num_node_pairs,device
adamic-adar,facebook,22470,0.7009941520467836,0.7865497076023392,0.8498830409356725,0.06662099994719028,0.020272399997338653,34200,cpu
dothash-common-neighbors,facebook,1000,0.6149122807017544,0.712514619883041,0.7567836257309941,0.28646029997617006,0.0397518000099808,34200,cpu
hyperhash-common-neighbors,facebook,1000,0.6153216374269006,0.7126315789473684,0.7566666666666667,0.2738394000334665,0.039853300084359944,34200,cpu
