method,dataset,dimensions,hits@20,hits@50,hits@100,init_time,calc_time,num_node_pairs,device
adamic-adar,facebook,22470,0.7009941520467836,0.7865497076023392,0.8498830409356725,0.06035919999703765,0.018887000042013824,34200,cpu
dothash-adamic-adar,facebook,100,0.35730994152046786,0.4706432748538012,0.537485380116959,0.09711970004718751,0.007540500024333596,34200,cpu
hyperhash-adamic-adar,facebook,100,0.41035087719298247,0.48526315789473684,0.5467836257309941,0.10034500004258007,0.0074495000299066305,34200,cpu
