method,dataset,dimensions,hits@20,hits@50,hits@100,init_time,calc_time,num_node_pairs,device
adamic-adar,facebook,22470,0.7009941520467836,0.7865497076023392,0.8498830409356725,0.059438399970531464,0.017233500024303794,34200,cpu
dothash-adamic-adar,facebook,100,0.35730994152046786,0.4706432748538012,0.537485380116959,0.10339750000275671,0.007567699998617172,34200,cpu
hyperhash-adamic-adar,facebook,100,0.36666666666666664,0.48409356725146196,0.5329239766081871,0.13722530007362366,0.015584199922159314,34200,cpu
