method,dataset,dimensions,hits@20,hits@50,hits@100,init_time,calc_time,num_node_pairs,device,nitr
hyperlearn,soc-epinions1,1000,0.7724539129751189,0.9009472898077906,0.936519790888723,-1,-1,50882,cpu,0
hyperlearn,soc-epinions1,1000,0.8178923784442436,0.9105381077787823,0.9391533351676428,-1,-1,50882,cpu,1
