method,dataset,dimensions,hits@20,hits@50,hits@100,init_time,calc_time,num_node_pairs,device
adamic-adar,facebook,22470,0.7009941520467836,0.7865497076023392,0.8498830409356725,0.06196920003276318,0.017946899984963238,34200,cpu
dothash-adamic-adar,facebook,1000,0.6753801169590643,0.7294736842105263,0.774327485380117,0.2792813000269234,0.037594900000840425,34200,cpu
