method,dataset,dimensions,hits@20,hits@50,hits@100,init_time,calc_time,num_node_pairs,device
adamic-adar,facebook,22470,0.7009941520467836,0.7865497076023392,0.8498830409356725,0.061481300042942166,0.01893309992738068,34200,cpu
dothash-adamic-adar,facebook,1000,0.6753801169590643,0.7294736842105263,0.774327485380117,0.28013000008650124,0.03966440004296601,34200,cpu
hyperhash-adamic-adar,facebook,1000,0.6753801169590643,0.7294736842105263,0.774327485380117,0.28738499991595745,0.038596600061282516,34200,cpu
