method,dataset,dimensions,hits@20,hits@50,hits@100,init_time,calc_time,num_node_pairs,device
adamic-adar,facebook,22470,0.7009941520467836,0.7865497076023392,0.8498830409356725,0.059683000086806715,0.018426100024953485,34200,cpu
dothash-adamic-adar,facebook,1000,0.6753801169590643,0.7294736842105263,0.774327485380117,0.28885219991207123,0.03919599996879697,34200,cpu
hyperhash-adamic-adar,facebook,1000,0.6495906432748538,0.7150877192982457,0.7685380116959064,0.46823340002447367,0.08146250003483146,34200,cpu
