method,dataset,dimensions,hits@20,hits@50,hits@100,init_time,calc_time,num_node_pairs,device
adamic-adar,wikipedia,11631,0.06192929056427066,0.1376726761882463,0.1376726761882463,0.06022600003052503,0.06816130003426224,34168,cpu
dothash-adamic-adar,wikipedia,1000,0.05502224303441817,0.14294076328728636,0.14294076328728636,0.2608506000833586,0.03826239996124059,34168,cpu
hyperhash-adamic-adar,wikipedia,1000,0.05443690002341372,0.14229688597518145,0.14229688597518145,0.2519861999899149,0.03832019993569702,34168,cpu
