method,dataset,dimensions,hits@20,hits@50,hits@100,init_time,calc_time,num_node_pairs,device
adamic-adar,facebook,22470,0.7009941520467836,0.7865497076023392,0.8498830409356725,0.06266080006025732,0.019261199980974197,34200,cpu
dothash-adamic-adar,facebook,100,0.35730994152046786,0.4706432748538012,0.537485380116959,0.10094929998740554,0.007109600002877414,34200,cpu
hyperhash-adamic-adar,facebook,100,0.30994152046783624,0.43859649122807015,0.4945614035087719,0.0976035000057891,0.0071674000937491655,34200,cpu
