method,dataset,dimensions,hits@20,hits@50,hits@100,init_time,calc_time,num_node_pairs,device
adamic-adar,wikipedia,11631,0.06192929056427066,0.1376726761882463,0.1376726761882463,0.05723620008211583,0.07809109997469932,34168,cpu
dothash-adamic-adar,wikipedia,1000,0.05502224303441817,0.14294076328728636,0.14294076328728636,0.2542726999381557,0.037482299958355725,34168,cpu
hyperhash-adamic-adar,wikipedia,1000,0.05385155701240927,0.14124326855537345,0.14124326855537345,0.2596653000218794,0.04090410005301237,34168,cpu
