method,dataset,dimensions,hits@20,hits@50,hits@100,init_time,calc_time,num_node_pairs,device
adamic-adar,facebook,22470,0.7009941520467836,0.7865497076023392,0.8498830409356725,0.05823429999873042,0.017201000009663403,34200,cpu
dothash-adamic-adar,facebook,1000,0.6753801169590643,0.7294736842105263,0.774327485380117,0.27784240001346916,0.0390742999734357,34200,cpu
hyperhash-adamic-adar,facebook,1000,0.6605847953216374,0.7148538011695906,0.7708187134502924,0.4747370999539271,0.08110120007768273,34200,cpu
