method,dataset,dimensions,hits@20,hits@50,hits@100,init_time,calc_time,num_node_pairs,device
adamic-adar,facebook,22470,0.7009941520467836,0.7865497076023392,0.8498830409356725,0.06526429997757077,0.019346199929714203,34200,cpu
dothash-common-neighbors,facebook,1000,0.6149122807017544,0.712514619883041,0.7567836257309941,0.2731835999293253,0.038594899931922555,34200,cpu
hyperhash-common-neighbors,facebook,1000,0.6461988304093568,0.7071929824561404,0.7473684210526316,0.2840874999528751,0.04457240004558116,34200,cpu
