method,dataset,dimensions,hits@20,hits@50,hits@100,init_time,calc_time,num_node_pairs,device
adamic-adar,wikipedia,11631,0.06192929056427066,0.1376726761882463,0.1376726761882463,0.06056660006288439,0.07434839999768883,34168,cpu
dothash-adamic-adar,wikipedia,1000,0.05502224303441817,0.14294076328728636,0.14294076328728636,0.27026809996459633,0.03833379992283881,34168,cpu
hyperhash-adamic-adar,wikipedia,1000,0.05250526808709904,0.13860922500585343,0.13860922500585343,0.26567790005356073,0.04237809998448938,34168,cpu
