method,dataset,dimensions,hits@20,hits@50,hits@100,init_time,calc_time,num_node_pairs,device
adamic-adar,facebook,22470,0.7009941520467836,0.7865497076023392,0.8498830409356725,0.06245669990312308,0.018907900084741414,34200,cpu
dothash-adamic-adar,facebook,1000,0.6753801169590643,0.7294736842105263,0.774327485380117,0.29049400007352233,0.038574200007133186,34200,cpu
hyperhash-adamic-adar,facebook,1000,0.6777777777777778,0.7290058479532163,0.7756725146198831,0.2729433999629691,0.038205299992114305,34200,cpu
