method,dataset,dimensions,hits@20,hits@50,hits@100,init_time,calc_time,num_node_pairs,device
jaccard,ogbl-ddi,4267,0.0,0.0007266516342170516,0.048565799429166445,0.3566899999859743,1.700110699981451,229088,cpu
adamic-adar,ogbl-ddi,4267,0.1860752571372922,0.2707114443886762,0.3634756421877458,0.35305640002479777,1.708454100007657,229088,cpu
