method,dataset,dimensions,hits@20,hits@50,hits@100,init_time,calc_time,num_node_pairs,device
adamic-adar,wikipedia,11631,0.06192929056427066,0.1376726761882463,0.1376726761882463,0.06276759994216263,0.06514929991681129,34168,cpu
dothash-common-neighbors,wikipedia,1000,0.029852493561226878,0.09494263638492156,0.09652306251463358,0.2570215000305325,0.043214599951170385,34168,cpu
hyperhash-common-neighbors,wikipedia,1000,0.027042847108405526,0.08229922734722547,0.0848162022945446,0.25576629990246147,0.03762529999949038,34168,cpu
