method,dataset,dimensions,hits@20,hits@50,hits@100,init_time,calc_time,num_node_pairs,device,nitr,use_node_features
hyperlearn,facebook,1000,0.62953216374269,0.7087134502923976,0.7591228070175439,-1,-1,34200,cpu,0,0
hyperlearn,facebook,1000,0.62953216374269,0.7091812865497076,0.7591228070175439,-1,-1,34200,cpu,1,0
hyperlearn,facebook,1000,0.6294152046783625,0.7098245614035088,0.7591812865497076,-1,-1,34200,cpu,2,0
hyperlearn,facebook,1000,0.6292982456140351,0.70953216374269,0.7588888888888888,-1,-1,34200,cpu,3,0
hyperlearn,facebook,1000,0.6292982456140351,0.7101169590643275,0.758421052631579,-1,-1,34200,cpu,4,0
hyperlearn,facebook,1000,0.6291812865497076,0.7097076023391813,0.757719298245614,-1,-1,34200,cpu,5,0
hyperlearn,facebook,1000,0.6291812865497076,0.7097076023391813,0.757719298245614,-1,-1,34200,cpu,6,0
hyperlearn,facebook,1000,0.6290643274853801,0.7094152046783626,0.757719298245614,-1,-1,34200,cpu,7,0
