method,dataset,dimensions,hits@20,hits@50,hits@100,init_time,calc_time,num_node_pairs,device
adamic-adar,wikipedia,11631,0.06192929056427066,0.1376726761882463,0.1376726761882463,0.06092489999718964,0.06750969996210188,34168,cpu
dothash-common-neighbors,wikipedia,1000,0.029852493561226878,0.09494263638492156,0.09652306251463358,0.2505565999308601,0.036534199956804514,34168,cpu
hyperhash-common-neighbors,wikipedia,1000,0.028681807539217983,0.09143057831889487,0.093947553266214,0.2632741999113932,0.043858999968506396,34168,cpu
