method,dataset,dimensions,hits@20,hits@50,hits@100,init_time,calc_time,num_node_pairs,device
adamic-adar,facebook,22470,0.7009941520467836,0.7865497076023392,0.8498830409356725,0.06322969996836036,0.019836400053463876,34200,cpu
dothash-adamic-adar,facebook,100,0.35730994152046786,0.4706432748538012,0.537485380116959,0.09476100001484156,0.007427200092934072,34200,cpu
hyperhash-adamic-adar,facebook,100,0.05824561403508772,0.08187134502923976,0.11637426900584795,0.13660470000468194,0.014325500000268221,34200,cpu
