method,dataset,dimensions,hits@20,hits@50,hits@100,init_time,calc_time,num_node_pairs,device
adamic-adar,wikipedia,11631,0.06192929056427066,0.1376726761882463,0.1376726761882463,0.0640772000188008,0.06979099998716265,34168,cpu
dothash-common-neighbors,wikipedia,1000,0.029852493561226878,0.09494263638492156,0.09652306251463358,0.2499601999297738,0.03843050007708371,34168,cpu
hyperhash-common-neighbors,wikipedia,1000,0.02938421915242332,0.09283540154530555,0.09505970498712245,0.26121420005802065,0.04384229995775968,34168,cpu
