method,dataset,dimensions,hits@20,hits@50,hits@100,init_time,calc_time,num_node_pairs,device,nitr,use_node_features
hyperlearn,facebook,1000,0.590701754385965,0.6616959064327486,0.7002923976608187,-1,-1,34200,cpu,0,0
hyperlearn,facebook,1000,0.590701754385965,0.6616374269005848,0.7002923976608187,2.083589600166306,0.018669000128284097,34200,cpu,1,0
