method,dataset,dimensions,hits@20,hits@50,hits@100,init_time,calc_time,num_node_pairs,device
adamic-adar,wikipedia,11631,0.06192929056427066,0.1376726761882463,0.1376726761882463,0.061213400098495185,0.06277700001373887,34168,cpu
dothash-common-neighbors,wikipedia,1000,0.029852493561226878,0.09494263638492156,0.09652306251463358,0.2551002000691369,0.036761100054718554,34168,cpu
hyperhash-common-neighbors,wikipedia,1000,0.15166237415125264,0.2000117068602201,0.2392882228986186,0.25007469998672605,0.03740129992365837,34168,cpu
