method,dataset,dimensions,hits@20,hits@50,hits@100,init_time,calc_time,num_node_pairs,device
adamic-adar,wikipedia,11631,0.06192929056427066,0.1376726761882463,0.1376726761882463,0.06143040000461042,0.06730150000657886,34168,cpu
dothash-adamic-adar,wikipedia,1000,0.05502224303441817,0.14294076328728636,0.14294076328728636,0.25258800003211945,0.037043699994683266,34168,cpu
hyperhash-adamic-adar,wikipedia,1000,0.05502224303441817,0.14294076328728636,0.14294076328728636,0.2581983000272885,0.036867399932816625,34168,cpu
