method,dataset,dimensions,hits@20,hits@50,hits@100,init_time,calc_time,num_node_pairs,device,nitr,use_node_features
hyperlearn,facebook,1000,0.9947953216374269,0.9970175438596491,0.9983625730994152,2.162316600093618,0.020803800085559487,34200,cpu,,"[0, 1]"
hyperlearn,facebook,1000,0.94953216374269,0.9951461988304093,0.9990643274853801,2.0076663999352604,0.0487124000210315,34200,cpu,,"[0, 1]"
hyperlearn,wikipedia,1000,0.9474361976118005,0.9594942636384921,0.9648208850386326,2.010383600136265,0.018568299943581223,34168,cpu,,"[0, 1]"
hyperlearn,wikipedia,1000,0.9834347927885742,0.9856005619292906,0.9881760711777101,1.9386728000827134,0.046320199966430664,34168,cpu,,"[0, 1]"
