method,dataset,dimensions,hits@20,hits@50,hits@100,init_time,calc_time,num_node_pairs,device,nitr,use_node_features
hyperlearn,ogbl-ddi,1000,0.010881066756561883,0.023859688550533286,0.04310288320176794,-1,-1,213582,cpu,0,0
hyperlearn,ogbl-ddi,1000,0.011143261136238073,0.023840960380556414,0.043411898006386306,-1,-1,213582,cpu,1,0
hyperlearn,ogbl-ddi,1000,0.011480368195821745,0.02411251884522104,0.043730276895993105,-1,-1,213582,cpu,2,0
hyperlearn,ogbl-ddi,1000,0.011405455515914263,0.024702456199492465,0.043571087451189705,-1,-1,213582,cpu,3,0
hyperlearn,ogbl-ddi,1000,0.011293086496053038,0.025292393553763896,0.043955014935715554,-1,-1,213582,cpu,4,0
hyperlearn,ogbl-ddi,1000,0.01134927100598365,0.024384077309885663,0.043955014935715554,-1,-1,213582,cpu,5,0
hyperlearn,ogbl-ddi,1000,0.011386727345937393,0.024758640709423078,0.04358045153617814,-1,-1,213582,cpu,6,0
hyperlearn,ogbl-ddi,1000,0.011555280875729228,0.02467436394452716,0.04406738395557678,-1,-1,213582,cpu,7,0
