method,dataset,dimensions,hits@20,hits@50,hits@100,init_time,calc_time,num_node_pairs,device
adamic-adar,facebook,22470,0.7009941520467836,0.7865497076023392,0.8498830409356725,0.058688699966296554,0.01887829997576773,34200,cpu
dothash-common-neighbors,facebook,1000,0.6149122807017544,0.712514619883041,0.7567836257309941,0.27366099995560944,0.038259999942965806,34200,cpu
hyperhash-common-neighbors,facebook,1000,0.6109356725146199,0.7126315789473684,0.7540350877192983,0.2805814000312239,0.04500159993767738,34200,cpu
