method,dataset,dimensions,hits@20,hits@50,hits@100,init_time,calc_time,num_node_pairs,device
adamic-adar,facebook,22470,0.7009941520467836,0.7865497076023392,0.8498830409356725,0.0627809000434354,0.018001899938099086,34200,cpu
dothash-adamic-adar,facebook,1000,0.6753801169590643,0.7294736842105263,0.774327485380117,0.2744482000125572,0.045798800070770085,34200,cpu
