method,dataset,dimensions,hits@20,hits@50,hits@100,init_time,calc_time,num_node_pairs,device
adamic-adar,facebook,22470,0.7009941520467836,0.7865497076023392,0.8498830409356725,0.06146160000935197,0.01802660000976175,34200,cpu
dothash-adamic-adar,facebook,100,0.35730994152046786,0.4706432748538012,0.537485380116959,0.09820200002286583,0.007350899977609515,34200,cpu
hyperhash-adamic-adar,facebook,100,0.3939766081871345,0.5086549707602339,0.5555555555555556,0.1367888000095263,0.014999200007878244,34200,cpu
