method,dataset,dimensions,hits@20,hits@50,hits@100,init_time,calc_time,num_node_pairs,device
jaccard,ogbl-ddi,4267,0.0,0.0007266516342170516,0.048565799429166445,0.35949050000635907,1.6973513000411913,229088,cpu
adamic-adar,ogbl-ddi,4267,0.1860752571372922,0.2707114443886762,0.3634756421877458,0.35261659999378026,1.6662966999574564,229088,cpu
common-neighbors,ogbl-ddi,4267,0.1772955074949996,0.2651079864258478,0.3452194562847875,0.35013039998011664,1.6762600999791175,229088,cpu
resource-allocation,ogbl-ddi,4267,0.06226730292383642,0.19137906494168058,0.31171107731723213,0.3571483999839984,1.6728960999753326,229088,cpu
hyperhash-jaccard,ogbl-ddi,1000,0.0,0.0009214242372030655,0.04323202660893407,1.3369232999975793,0.30907769995974377,229088,cpu
dothash-jaccard,ogbl-ddi,1000,0.0,0.0013559169669410962,0.039359048311096795,1.314733500010334,0.24191189999692142,229088,cpu
