method,dataset,dimensions,hits@20,hits@50,hits@100,init_time,calc_time,num_node_pairs,device
adamic-adar,facebook,22470,0.7009941520467836,0.7865497076023392,0.8498830409356725,0.05930520000401884,0.018021399970166385,34200,cpu
dothash-adamic-adar,facebook,1000,0.6753801169590643,0.7294736842105263,0.774327485380117,0.2905726000899449,0.038987800013273954,34200,cpu
hyperhash-adamic-adar,facebook,1000,0.6505847953216374,0.7170760233918129,0.7671929824561403,0.4687380000250414,0.08868419995997101,34200,cpu
