method,dataset,dimensions,hits@20,hits@50,hits@100,init_time,calc_time,num_node_pairs,device
adamic-adar,facebook,22470,0.7009941520467836,0.7865497076023392,0.8498830409356725,0.05967280000913888,0.01743850007187575,34200,cpu
dothash-adamic-adar,facebook,1000,0.6753801169590643,0.7294736842105263,0.774327485380117,0.28164079994894564,0.04508369998075068,34200,cpu
hyperhash-adamic-adar,facebook,1000,0.6505263157894737,0.7170760233918129,0.7673099415204678,0.4634215999394655,0.07927309989463538,34200,cpu
