method,dataset,dimensions,hits@20,hits@50,hits@100,init_time,calc_time,num_node_pairs,device
adamic-adar,facebook,22470,0.7009941520467836,0.7865497076023392,0.8498830409356725,0.06051139999181032,0.017910400056280196,34200,cpu
dothash-adamic-adar,facebook,1000,0.6753801169590643,0.7294736842105263,0.774327485380117,0.288816999993287,0.039173100027255714,34200,cpu
hyperhash-adamic-adar,facebook,1000,0.6495906432748538,0.7150877192982457,0.7685380116959064,0.4645190999144688,0.07719839992932975,34200,cpu
