method,dataset,dimensions,hits@20,hits@50,hits@100,init_time,calc_time,num_node_pairs,device
adamic-adar,wikipedia,11631,0.06192929056427066,0.1376726761882463,0.1376726761882463,0.060840999940410256,0.0676188999786973,34168,cpu
dothash-common-neighbors,wikipedia,1000,0.029852493561226878,0.09494263638492156,0.09652306251463358,0.2489011000143364,0.04336959996726364,34168,cpu
hyperhash-common-neighbors,wikipedia,1000,0.029852493561226878,0.09494263638492156,0.09652306251463358,0.2525407000211999,0.03791129996534437,34168,cpu
