method,dataset,dimensions,hits@20,hits@50,hits@100,init_time,calc_time,num_node_pairs,device,nitr
hyperlearn,ogbl-collab,1000,0.046062507951316736,0.06852126712183537,0.10660277341927824,-1,-1,235810,cpu,0
hyperlearn,ogbl-collab,1000,0.07340655612569441,0.1055086722361223,0.1524193206394979,-1,-1,235810,cpu,1
hyperlearn,ogbl-collab,1000,0.09840125524786905,0.14036724481574148,0.18873669479665833,-1,-1,235810,cpu,2
hyperlearn,ogbl-collab,1000,0.12939230736609983,0.17311394766973412,0.2361223018531869,-1,-1,235810,cpu,3
hyperlearn,ogbl-collab,1000,0.15364064289046267,0.21847249904584198,0.2813281879479242,-1,-1,235810,cpu,4
