method,dataset,dimensions,hits@20,hits@50,hits@100,init_time,calc_time,num_node_pairs,device
hyperhash-adamic-adar,ogbl-ppa,1000,0.13825739334648293,0.21852080296063697,0.27969575628838506,12.336852699983865,3.426350999972783,6031780,cpu
