method,dataset,dimensions,hits@20,hits@50,hits@100,init_time,calc_time,num_node_pairs,device
adamic-adar,wikipedia,11631,0.06192929056427066,0.1376726761882463,0.1376726761882463,0.0631655000615865,0.06349560001399368,34168,cpu
dothash-adamic-adar,wikipedia,1000,0.05502224303441817,0.14294076328728636,0.14294076328728636,0.2587040999205783,0.038500300026498735,34168,cpu
hyperhash-common-neighbors,wikipedia,1000,0.15166237415125264,0.2000117068602201,0.2392882228986186,0.25064710003789514,0.038722599972970784,34168,cpu
