method,dataset,dimensions,hits@20,hits@50,hits@100,init_time,calc_time,num_node_pairs,device
adamic-adar,facebook,22470,0.7009941520467836,0.7865497076023392,0.8498830409356725,0.06196229998022318,0.019005600013770163,34200,cpu
dothash-common-neighbors,facebook,1000,0.6149122807017544,0.712514619883041,0.7567836257309941,0.27440480003133416,0.038811199949122965,34200,cpu
hyperhash-common-neighbors,facebook,1000,0.648187134502924,0.7087134502923976,0.7467251461988305,0.28350080002564937,0.04499970003962517,34200,cpu
