method,dataset,dimensions,hits@20,hits@50,hits@100,init_time,calc_time,num_node_pairs,device
adamic-adar,facebook,22470,0.7009941520467836,0.7865497076023392,0.8498830409356725,0.06263299996498972,0.022998400032520294,34200,cpu
dothash-adamic-adar,facebook,1000,0.6753801169590643,0.7294736842105263,0.774327485380117,0.27680950006470084,0.03864159993827343,34200,cpu
hyperhash-adamic-adar,facebook,1000,0.6539181286549708,0.7152046783625731,0.7691812865497076,0.46940449997782707,0.07675780006684363,34200,cpu
