method,dataset,dimensions,hits@20,hits@50,hits@100,init_time,calc_time,num_node_pairs,device
adamic-adar,facebook,22470,0.7009941520467836,0.7865497076023392,0.8498830409356725,0.061404600040987134,0.017715199966914952,34200,cpu
dothash-common-neighbors,facebook,1000,0.6149122807017544,0.712514619883041,0.7567836257309941,0.2877997000468895,0.04029200004879385,34200,cpu
hyperhash-common-neighbors,facebook,1000,0.6151461988304093,0.7124561403508772,0.7567836257309941,0.2740831000264734,0.038584800087846816,34200,cpu
