method,dataset,dimensions,hits@20,hits@50,hits@100,init_time,calc_time,num_node_pairs,device
adamic-adar,facebook,22470,0.7009941520467836,0.7865497076023392,0.8498830409356725,0.06651899998541921,0.018267599982209504,34200,cpu
dothash-adamic-adar,facebook,1000,0.6753801169590643,0.7294736842105263,0.774327485380117,0.2764531000284478,0.037916500004939735,34200,cpu
hyperhash-adamic-adar,facebook,1000,0.678187134502924,0.7283040935672515,0.7774269005847954,0.28370629996061325,0.045118400012142956,34200,cpu
