method,dataset,dimensions,hits@20,hits@50,hits@100,init_time,calc_time,num_node_pairs,device,nitr,use_node_features
hyperlearn,facebook,1000,0.9947953216374269,0.9971345029239767,0.9983040935672515,-1,-1,34200,cpu,0,0
hyperlearn,facebook,1000,0.9949122807017544,0.9971345029239767,0.9983625730994152,-1,-1,34200,cpu,1,0
hyperlearn,facebook,1000,0.9949707602339182,0.9971929824561403,0.9983625730994152,-1,-1,34200,cpu,2,0
hyperlearn,facebook,1000,0.9949707602339182,0.9971929824561403,0.9983625730994152,-1,-1,34200,cpu,3,0
