method,dataset,dimensions,hits@20,hits@50,hits@100,init_time,calc_time,num_node_pairs,device
hyperhash-adamic-adar,ogbl-collab,1000,0.04027714822249563,0.05322799974098297,0.0599840272831272,1.567213200032711,0.15977150003891438,146329,cpu
